{
    "0.3333": {
        "streammamba": {
            "within_2": 82.66666666666667,
            "within_4": 84.0,
            "within_8": 93.33333333333333,
            "within_16": 96.0,
            "within_32": 100.0,
            "average": 91.2
        }
    },
    "0.4": {
        "streammamba": {
            "within_2": 84.0,
            "within_4": 84.0,
            "within_8": 93.33333333333333,
            "within_16": 96.0,
            "within_32": 100.0,
            "average": 91.46666666666667
        }
    },
    "0.5": {
        "streammamba": {
            "within_2": 84.0,
            "within_4": 84.0,
            "within_8": 93.33333333333333,
            "within_16": 96.0,
            "within_32": 100.0,
            "average": 91.46666666666667
        }
    },
    "0.6": {
        "streammamba": {
            "within_2": 81.33333333333333,
            "within_4": 82.66666666666667,
            "within_8": 92.0,
            "within_16": 96.0,
            "within_32": 100.0,
            "average": 90.4
        }
    },
    "0.7": {
        "streammamba": {
            "within_2": 81.33333333333333,
            "within_4": 82.66666666666667,
            "within_8": 89.33333333333333,
            "within_16": 96.0,
            "within_32": 100.0,
            "average": 89.86666666666666
        }
    },
    "0.8": {
        "streammamba": {
            "within_2": 80.0,
            "within_4": 82.66666666666667,
            "within_8": 89.33333333333333,
            "within_16": 96.0,
            "within_32": 100.0,
            "average": 89.6
        }
    },
    "0.9": {
        "streammamba": {
            "within_2": 81.33333333333333,
            "within_4": 84.0,
            "within_8": 90.66666666666667,
            "within_16": 96.0,
            "within_32": 98.66666666666667,
            "average": 90.13333333333334
        }
    },
    "1.0": {
        "streammamba": {
            "within_2": 82.66666666666667,
            "within_4": 86.66666666666667,
            "within_8": 92.0,
            "within_16": 96.0,
            "within_32": 100.0,
            "average": 91.46666666666667
        }
    }
}