{
    "8": {
        "streammamba": {
            "within_2": 84.0,
            "within_4": 88.0,
            "within_8": 92.0,
            "within_16": 96.0,
            "within_32": 100.0,
            "average": 92.0
        },
        "internvideo2": {
            "within_2": 74.66666666666667,
            "within_4": 81.33333333333333,
            "within_8": 92.0,
            "within_16": 92.0,
            "within_32": 93.33333333333333,
            "average": 86.66666666666666
        }
    },
    "10": {
        "streammamba": {
            "within_2": 82.66666666666667,
            "within_4": 84.0,
            "within_8": 93.33333333333333,
            "within_16": 96.0,
            "within_32": 100.0,
            "average": 91.2
        },
        "internvideo2": {
            "within_2": 69.33333333333333,
            "within_4": 80.0,
            "within_8": 86.66666666666667,
            "within_16": 90.66666666666667,
            "within_32": 93.33333333333333,
            "average": 84.0
        }
    },
    "12": {
        "streammamba": {
            "within_2": 74.66666666666667,
            "within_4": 81.33333333333333,
            "within_8": 90.66666666666667,
            "within_16": 96.0,
            "within_32": 100.0,
            "average": 88.53333333333333
        },
        "internvideo2": {
            "within_2": 69.33333333333333,
            "within_4": 77.33333333333333,
            "within_8": 88.0,
            "within_16": 89.33333333333333,
            "within_32": 94.66666666666667,
            "average": 83.73333333333333
        }
    },
    "16": {
        "streammamba": {
            "within_2": 76.0,
            "within_4": 82.66666666666667,
            "within_8": 88.0,
            "within_16": 92.0,
            "within_32": 97.33333333333333,
            "average": 87.2
        },
        "internvideo2": {
            "within_2": 72.0,
            "within_4": 80.0,
            "within_8": 88.0,
            "within_16": 89.33333333333333,
            "within_32": 94.66666666666667,
            "average": 84.8
        }
    },
    "24": {
        "streammamba": {
            "within_2": 61.333333333333336,
            "within_4": 70.66666666666667,
            "within_8": 80.0,
            "within_16": 89.33333333333333,
            "within_32": 93.33333333333333,
            "average": 78.93333333333332
        },
        "internvideo2": {
            "within_2": 54.666666666666664,
            "within_4": 65.33333333333333,
            "within_8": 73.33333333333333,
            "within_16": 86.66666666666667,
            "within_32": 93.33333333333333,
            "average": 74.66666666666666
        }
    },
    "32": {
        "streammamba": {
            "within_2": 60.0,
            "within_4": 66.66666666666667,
            "within_8": 78.66666666666667,
            "within_16": 90.66666666666667,
            "within_32": 94.66666666666667,
            "average": 78.13333333333334
        },
        "internvideo2": {
            "within_2": 52.0,
            "within_4": 61.333333333333336,
            "within_8": 73.33333333333333,
            "within_16": 82.66666666666667,
            "within_32": 93.33333333333333,
            "average": 72.53333333333333
        }
    },
    "64": {
        "streammamba": {
            "within_2": 56.0,
            "within_4": 57.333333333333336,
            "within_8": 65.33333333333333,
            "within_16": 76.0,
            "within_32": 88.0,
            "average": 68.53333333333333
        },
        "internvideo2": {
            "within_2": 41.333333333333336,
            "within_4": 44.0,
            "within_8": 53.333333333333336,
            "within_16": 60.0,
            "within_32": 78.66666666666667,
            "average": 55.466666666666676
        }
    }
}